Page,Metric,Before,After,Notes
Home,Lighthouse Accessibility (mobile),,,
Home,Lighthouse Performance (mobile),,,
Home,LCP (seconds),,,
Home,Page weight (MB),,,
Home,axe issues,,,
Home,WAVE errors,,,
Home,WAVE contrast errors,,,
Home,Keyboard blockers,,,
About,Lighthouse Accessibility (mobile),,,
About,Lighthouse Performance (mobile),,,
About,axe issues,,,
About,WAVE errors,,,
About,Keyboard blockers,,,
Meetings,Lighthouse Accessibility (mobile),,,
Meetings,Lighthouse Performance (mobile),,,
Meetings,axe issues,,,
Meetings,WAVE errors,,,
Meetings,Keyboard blockers,,,
Public Comment,Lighthouse Accessibility (mobile),,,
Public Comment,Lighthouse Performance (mobile),,,
Public Comment,axe issues,,,
Public Comment,WAVE errors,,,
Public Comment,Keyboard blockers,,,
All,Planted barriers found by automated tools (of 13),,,
All,Planted barriers found by manual testing (of 13),,,
All,Extra (unplanted) findings,,,
